{
  "requires": true,
  "lockfileVersion": 1,
  "dependencies": {
    "@nodelib/fs.scandir": {
      "version": "2.1.5",
      "resolved": "https://registry.npmjs.org/@nodelib/fs.scandir/-/fs.scandir-2.1.5.tgz",
      "integrity": "sha512-vq24Bq3ym5HEQm2NKCr3yXDwjc7vTsEThRDnkp2DK9p1uqLR+DHurm/NOTo0KG7HYHU7eppKZj3MyqYuMBf62g==",
      "requires": {
        "@nodelib/fs.stat": "2.0.5",
        "run-parallel": "^1.1.9"
      }
    },
    "@nodelib/fs.stat": {
      "version": "2.0.5",
      "resolved": "https://registry.npmjs.org/@nodelib/fs.stat/-/fs.stat-2.0.5.tgz",
      "integrity": "sha512-RkhPPp2zrqDAQA/2jNhnztcPAlv64XdhIp7a7454A5ovI7Bukxgt7MX7udwAu3zg1DcpPU0rz3VV1SeaqvY4+A=="
    },
    "@nodelib/fs.walk": {
      "version": "1.2.8",
      "resolved": "https://registry.npmjs.org/@nodelib/fs.walk/-/fs.walk-1.2.8.tgz",
      "integrity": "sha512-oGB+UxlgWcgQkgwo8GcEGwemoTFt3FIO9ababBmaGwXIoBKZ+GTy0pP185beGg7Llih/NSHSV2XAs1lnznocSg==",
      "requires": {
        "@nodelib/fs.scandir": "2.1.5",
        "fastq": "^1.6.0"
      }
    },
    "acorn": {
      "version": "7.4.1",
      "resolved": "https://registry.npmjs.org/acorn/-/acorn-7.4.1.tgz",
      "integrity": "sha512-nQyp0o1/mNdbTO1PO6kHkwSrmgZ0MT/jCCpNiwbUjGoRN4dlBhqJtoQuCnEOKzgTVwg0ZWiCoQy6SxMebQVh8A=="
    },
    "acorn-node": {
      "version": "1.8.2",
      "resolved": "https://registry.npmjs.org/acorn-node/-/acorn-node-1.8.2.tgz",
      "integrity": "sha512-8mt+fslDufLYntIoPAaIMUe/lrbrehIiwmR3t2k9LljIzoigEPF27eLk2hy8zSGzmR/ogr7zbRKINMo1u0yh5A==",
      "requires": {
        "acorn": "^7.0.0",
        "acorn-walk": "^7.0.0",
        "xtend": "^4.0.2"
      }
    },
    "acorn-walk": {
      "version": "7.2.0",
      "resolved": "https://registry.npmjs.org/acorn-walk/-/acorn-walk-7.2.0.tgz",
      "integrity": "sha512-OPdCF6GsMIP+Az+aWfAAOEt2/+iVDKE7oy6lJ098aoe59oAmK76qV6Gw60SbZ8jHuG2wH058GF4pLFbYamYrVA=="
    },
    "anymatch": {
      "version": "3.1.3",
      "resolved": "https://registry.npmjs.org/anymatch/-/anymatch-3.1.3.tgz",
      "integrity": "sha512-KMReFUr0B4t+D+OBkjR3KYqvocp2XaSzO55UcB6mgQMd3KbcE+mWTyvVV7D/zsdEbNnV6acZUutkiHQXvTr1Rw==",
      "requires": {
        "normalize-path": "^3.0.0",
        "picomatch": "^2.0.4"
      }
    },
    "arg": {
      "version": "5.0.2",
      "resolved": "https://registry.npmjs.org/arg/-/arg-5.0.2.tgz",
      "integrity": "sha512-PYjyFOLKQ9y57JvQ6QLo8dAgNqswh8M1RMJYdQduT6xbWSgK36P/Z/v+p888pM69jMMfS8Xd8F6I1kQ/I9HUGg=="
    },
    "binary-extensions": {
      "version": "2.2.0",
      "resolved": "https://registry.npmjs.org/binary-extensions/-/binary-extensions-2.2.0.tgz",
      "integrity": "sha512-jDctJ/IVQbZoJykoeHbhXpOlNBqGNcwXJKJog42E5HDPUwQTSdjCHdihjj0DlnheQ7blbT6dHOafNAiS8ooQKA=="
    },
    "braces": {
      "version": "3.0.2",
      "resolved": "https://registry.npmjs.org/braces/-/braces-3.0.2.tgz",
      "integrity": "sha512-b8um+L1RzM3WDSzvhm6gIz1yfTbBt6YTlcEKAvsmqCZZFw46z626lVj9j1yEPW33H5H+lBQpZMP1k8l+78Ha0A==",
      "requires": {
        "fill-range": "^7.0.1"
      }
    },
    "camelcase-css": {
      "version": "2.0.1",
      "resolved": "https://registry.npmjs.org/camelcase-css/-/camelcase-css-2.0.1.tgz",
      "integrity": "sha512-QOSvevhslijgYwRx6Rv7zKdMF8lbRmx+uQGx2+vDc+KI/eBnsy9kit5aj23AgGu3pa4t9AgwbnXWqS+iOY+2aA=="
    },
    "chokidar": {
      "version": "3.5.3",
      "resolved": "https://registry.npmjs.org/chokidar/-/chokidar-3.5.3.tgz",
      "integrity": "sha512-Dr3sfKRP6oTcjf2JmUmFJfeVMvXBdegxB0iVQ5eb2V10uFJUCAS8OByZdVAyVb8xXNz3GjjTgj9kLWsZTqE6kw==",
      "requires": {
        "anymatch": "~3.1.2",
        "braces": "~3.0.2",
        "fsevents": "~2.3.2",
        "glob-parent": "~5.1.2",
        "is-binary-path": "~2.1.0",
        "is-glob": "~4.0.1",
        "normalize-path": "~3.0.0",
        "readdirp": "~3.6.0"
      },
      "dependencies": {
        "glob-parent": {
          "version": "5.1.2",
          "resolved": "https://registry.npmjs.org/glob-parent/-/glob-parent-5.1.2.tgz",
          "integrity": "sha512-AOIgSQCepiJYwP3ARnGx+5VnTu2HBYdzbGP45eLw1vr3zB3vZLeyed1sC9hnbcOc9/SrMyM5RPQrkGz4aS9Zow==",
          "requires": {
            "is-glob": "^4.0.1"
          }
        }
      }
    },
    "color": {
      "version": "4.2.3",
      "resolved": "https://registry.npmjs.org/color/-/color-4.2.3.tgz",
      "integrity": "sha512-1rXeuUUiGGrykh+CeBdu5Ie7OJwinCgQY0bc7GCRxy5xVHy+moaqkpL/jqQq0MtQOeYcrqEz4abc5f0KtU7W4A==",
      "requires": {
        "color-convert": "^2.0.1",
        "color-string": "^1.9.0"
      }
    },
    "color-convert": {
      "version": "2.0.1",
      "resolved": "https://registry.npmjs.org/color-convert/-/color-convert-2.0.1.tgz",
      "integrity": "sha512-RRECPsj7iu/xb5oKYcsFHSppFNnsj/52OVTRKb4zP5onXwVF3zVmmToNcOfGC+CRDpfK/U584fMg38ZHCaElKQ==",
      "requires": {
        "color-name": "~1.1.4"
      }
    },
    "color-name": {
      "version": "1.1.4",
      "resolved": "https://registry.npmjs.org/color-name/-/color-name-1.1.4.tgz",
      "integrity": "sha512-dOy+3AuW3a2wNbZHIuMZpTcgjGuLU/uBL/ubcZF9OXbDo8ff4O8yVp5Bf0efS8uEoYo5q4Fx7dY9OgQGXgAsQA=="
    },
    "color-string": {
      "version": "1.9.1",
      "resolved": "https://registry.npmjs.org/color-string/-/color-string-1.9.1.tgz",
      "integrity": "sha512-shrVawQFojnZv6xM40anx4CkoDP+fZsw/ZerEMsW/pyzsRbElpsL/DBVW7q3ExxwusdNXI3lXpuhEZkzs8p5Eg==",
      "requires": {
        "color-name": "^1.0.0",
        "simple-swizzle": "^0.2.2"
      }
    },
    "css-selector-tokenizer": {
      "version": "0.8.0",
      "resolved": "https://registry.npmjs.org/css-selector-tokenizer/-/css-selector-tokenizer-0.8.0.tgz",
      "integrity": "sha512-Jd6Ig3/pe62/qe5SBPTN8h8LeUg/pT4lLgtavPf7updwwHpvFzxvOQBHYj2LZDMjUnBzgvIUSjRcf6oT5HzHFg==",
      "requires": {
        "cssesc": "^3.0.0",
        "fastparse": "^1.1.2"
      }
    },
    "cssesc": {
      "version": "3.0.0",
      "resolved": "https://registry.npmjs.org/cssesc/-/cssesc-3.0.0.tgz",
      "integrity": "sha512-/Tb/JcjK111nNScGob5MNtsntNM1aCNUDipB/TkwZFhyDrrE47SOx/18wF2bbjgc3ZzCSKW1T5nt5EbFoAz/Vg=="
    },
    "daisyui": {
      "version": "2.47.0",
      "resolved": "https://registry.npmjs.org/daisyui/-/daisyui-2.47.0.tgz",
      "integrity": "sha512-svZpXKldtHjXTEdj/lu2n7b+EQJSatqvmVB59k4dhCDOYUhUZ3jtGuPrgOJlPysHhDjxjCRWWug/fgV5e8tc/w==",
      "requires": {
        "color": "^4.2",
        "css-selector-tokenizer": "^0.8.0",
        "postcss-js": "^4.0.0",
        "tailwindcss": "^3"
      }
    },
    "defined": {
      "version": "1.0.1",
      "resolved": "https://registry.npmjs.org/defined/-/defined-1.0.1.tgz",
      "integrity": "sha512-hsBd2qSVCRE+5PmNdHt1uzyrFu5d3RwmFDKzyNZMFq/EwDNJF7Ee5+D5oEKF0hU6LhtoUF1macFvOe4AskQC1Q=="
    },
    "detective": {
      "version": "5.2.1",
      "resolved": "https://registry.npmjs.org/detective/-/detective-5.2.1.tgz",
      "integrity": "sha512-v9XE1zRnz1wRtgurGu0Bs8uHKFSTdteYZNbIPFVhUZ39L/S79ppMpdmVOZAnoz1jfEFodc48n6MX483Xo3t1yw==",
      "requires": {
        "acorn-node": "^1.8.2",
        "defined": "^1.0.0",
        "minimist": "^1.2.6"
      }
    },
    "didyoumean": {
      "version": "1.2.2",
      "resolved": "https://registry.npmjs.org/didyoumean/-/didyoumean-1.2.2.tgz",
      "integrity": "sha512-gxtyfqMg7GKyhQmb056K7M3xszy/myH8w+B4RT+QXBQsvAOdc3XymqDDPHx1BgPgsdAA5SIifona89YtRATDzw=="
    },
    "dlv": {
      "version": "1.1.3",
      "resolved": "https://registry.npmjs.org/dlv/-/dlv-1.1.3.tgz",
      "integrity": "sha512-+HlytyjlPKnIG8XuRG8WvmBP8xs8P71y+SKKS6ZXWoEgLuePxtDoUEiH7WkdePWrQ5JBpE6aoVqfZfJUQkjXwA=="
    },
    "fast-glob": {
      "version": "3.2.12",
      "resolved": "https://registry.npmjs.org/fast-glob/-/fast-glob-3.2.12.tgz",
      "integrity": "sha512-DVj4CQIYYow0BlaelwK1pHl5n5cRSJfM60UA0zK891sVInoPri2Ekj7+e1CT3/3qxXenpI+nBBmQAcJPJgaj4w==",
      "requires": {
        "@nodelib/fs.stat": "^2.0.2",
        "@nodelib/fs.walk": "^1.2.3",
        "glob-parent": "^5.1.2",
        "merge2": "^1.3.0",
        "micromatch": "^4.0.4"
      },
      "dependencies": {
        "glob-parent": {
          "version": "5.1.2",
          "resolved": "https://registry.npmjs.org/glob-parent/-/glob-parent-5.1.2.tgz",
          "integrity": "sha512-AOIgSQCepiJYwP3ARnGx+5VnTu2HBYdzbGP45eLw1vr3zB3vZLeyed1sC9hnbcOc9/SrMyM5RPQrkGz4aS9Zow==",
          "requires": {
            "is-glob": "^4.0.1"
          }
        }
      }
    },
    "fastparse": {
      "version": "1.1.2",
      "resolved": "https://registry.npmjs.org/fastparse/-/fastparse-1.1.2.tgz",
      "integrity": "sha512-483XLLxTVIwWK3QTrMGRqUfUpoOs/0hbQrl2oz4J0pAcm3A3bu84wxTFqGqkJzewCLdME38xJLJAxBABfQT8sQ=="
    },
    "fastq": {
      "version": "1.15.0",
      "resolved": "https://registry.npmjs.org/fastq/-/fastq-1.15.0.tgz",
      "integrity": "sha512-wBrocU2LCXXa+lWBt8RoIRD89Fi8OdABODa/kEnyeyjS5aZO5/GNvI5sEINADqP/h8M29UHTHUb53sUu5Ihqdw==",
      "requires": {
        "reusify": "^1.0.4"
      }
    },
    "fill-range": {
      "version": "7.0.1",
      "resolved": "https://registry.npmjs.org/fill-range/-/fill-range-7.0.1.tgz",
      "integrity": "sha512-qOo9F+dMUmC2Lcb4BbVvnKJxTPjCm+RRpe4gDuGrzkL7mEVl/djYSu2OdQ2Pa302N4oqkSg9ir6jaLWJ2USVpQ==",
      "requires": {
        "to-regex-range": "^5.0.1"
      }
    },
    "fsevents": {
      "version": "2.3.2",
      "resolved": "https://registry.npmjs.org/fsevents/-/fsevents-2.3.2.tgz",
      "integrity": "sha512-xiqMQR4xAeHTuB9uWm+fFRcIOgKBMiOBP+eXiyT7jsgVCq1bkVygt00oASowB7EdtpOHaaPgKt812P9ab+DDKA==",
      "optional": true
    },
    "function-bind": {
      "version": "1.1.1",
      "resolved": "https://registry.npmjs.org/function-bind/-/function-bind-1.1.1.tgz",
      "integrity": "sha512-yIovAzMX49sF8Yl58fSCWJ5svSLuaibPxXQJFLmBObTuCr0Mf1KiPopGM9NiFjiYBCbfaa2Fh6breQ6ANVTI0A=="
    },
    "glob-parent": {
      "version": "6.0.2",
      "resolved": "https://registry.npmjs.org/glob-parent/-/glob-parent-6.0.2.tgz",
      "integrity": "sha512-XxwI8EOhVQgWp6iDL+3b0r86f4d6AX6zSU55HfB4ydCEuXLXc5FcYeOu+nnGftS4TEju/11rt4KJPTMgbfmv4A==",
      "requires": {
        "is-glob": "^4.0.3"
      }
    },
    "has": {
      "version": "1.0.3",
      "resolved": "https://registry.npmjs.org/has/-/has-1.0.3.tgz",
      "integrity": "sha512-f2dvO0VU6Oej7RkWJGrehjbzMAjFp5/VKPp5tTpWIV4JHHZK1/BxbFRtf/siA2SWTe09caDmVtYYzWEIbBS4zw==",
      "requires": {
        "function-bind": "^1.1.1"
      }
    },
    "is-arrayish": {
      "version": "0.3.2",
      "resolved": "https://registry.npmjs.org/is-arrayish/-/is-arrayish-0.3.2.tgz",
      "integrity": "sha512-eVRqCvVlZbuw3GrM63ovNSNAeA1K16kaR/LRY/92w0zxQ5/1YzwblUX652i4Xs9RwAGjW9d9y6X88t8OaAJfWQ=="
    },
    "is-binary-path": {
      "version": "2.1.0",
      "resolved": "https://registry.npmjs.org/is-binary-path/-/is-binary-path-2.1.0.tgz",
      "integrity": "sha512-ZMERYes6pDydyuGidse7OsHxtbI7WVeUEozgR/g7rd0xUimYNlvZRE/K2MgZTjWy725IfelLeVcEM97mmtRGXw==",
      "requires": {
        "binary-extensions": "^2.0.0"
      }
    },
    "is-core-module": {
      "version": "2.11.0",
      "resolved": "https://registry.npmjs.org/is-core-module/-/is-core-module-2.11.0.tgz",
      "integrity": "sha512-RRjxlvLDkD1YJwDbroBHMb+cukurkDWNyHx7D3oNB5x9rb5ogcksMC5wHCadcXoo67gVr/+3GFySh3134zi6rw==",
      "requires": {
        "has": "^1.0.3"
      }
    },
    "is-extglob": {
      "version": "2.1.1",
      "resolved": "https://registry.npmjs.org/is-extglob/-/is-extglob-2.1.1.tgz",
      "integrity": "sha512-SbKbANkN603Vi4jEZv49LeVJMn4yGwsbzZworEoyEiutsN3nJYdbO36zfhGJ6QEDpOZIFkDtnq5JRxmvl3jsoQ=="
    },
    "is-glob": {
      "version": "4.0.3",
      "resolved": "https://registry.npmjs.org/is-glob/-/is-glob-4.0.3.tgz",
      "integrity": "sha512-xelSayHH36ZgE7ZWhli7pW34hNbNl8Ojv5KVmkJD4hBdD3th8Tfk9vYasLM+mXWOZhFkgZfxhLSnrwRr4elSSg==",
      "requires": {
        "is-extglob": "^2.1.1"
      }
    },
    "is-number": {
      "version": "7.0.0",
      "resolved": "https://registry.npmjs.org/is-number/-/is-number-7.0.0.tgz",
      "integrity": "sha512-41Cifkg6e8TylSpdtTpeLVMqvSBEVzTttHvERD741+pnZ8ANv0004MRL43QKPDlK9cGvNp6NZWZUBlbGXYxxng=="
    },
    "lilconfig": {
      "version": "2.0.6",
      "resolved": "https://registry.npmjs.org/lilconfig/-/lilconfig-2.0.6.tgz",
      "integrity": "sha512-9JROoBW7pobfsx+Sq2JsASvCo6Pfo6WWoUW79HuB1BCoBXD4PLWJPqDF6fNj67pqBYTbAHkE57M1kS/+L1neOg=="
    },
    "merge2": {
      "version": "1.4.1",
      "resolved": "https://registry.npmjs.org/merge2/-/merge2-1.4.1.tgz",
      "integrity": "sha512-8q7VEgMJW4J8tcfVPy8g09NcQwZdbwFEqhe/WZkoIzjn/3TGDwtOCYtXGxA3O8tPzpczCCDgv+P2P5y00ZJOOg=="
    },
    "micromatch": {
      "version": "4.0.5",
      "resolved": "https://registry.npmjs.org/micromatch/-/micromatch-4.0.5.tgz",
      "integrity": "sha512-DMy+ERcEW2q8Z2Po+WNXuw3c5YaUSFjAO5GsJqfEl7UjvtIuFKO6ZrKvcItdy98dwFI2N1tg3zNIdKaQT+aNdA==",
      "requires": {
        "braces": "^3.0.2",
        "picomatch": "^2.3.1"
      }
    },
    "minimist": {
      "version": "1.2.7",
      "resolved": "https://registry.npmjs.org/minimist/-/minimist-1.2.7.tgz",
      "integrity": "sha512-bzfL1YUZsP41gmu/qjrEk0Q6i2ix/cVeAhbCbqH9u3zYutS1cLg00qhrD0M2MVdCcx4Sc0UpP2eBWo9rotpq6g=="
    },
    "nanoid": {
      "version": "3.3.4",
      "resolved": "https://registry.npmjs.org/nanoid/-/nanoid-3.3.4.tgz",
      "integrity": "sha512-MqBkQh/OHTS2egovRtLk45wEyNXwF+cokD+1YPf9u5VfJiRdAiRwB2froX5Co9Rh20xs4siNPm8naNotSD6RBw=="
    },
    "normalize-path": {
      "version": "3.0.0",
      "resolved": "https://registry.npmjs.org/normalize-path/-/normalize-path-3.0.0.tgz",
      "integrity": "sha512-6eZs5Ls3WtCisHWp9S2GUy8dqkpGi4BVSz3GaqiE6ezub0512ESztXUwUB6C6IKbQkY2Pnb/mD4WYojCRwcwLA=="
    },
    "object-hash": {
      "version": "3.0.0",
      "resolved": "https://registry.npmjs.org/object-hash/-/object-hash-3.0.0.tgz",
      "integrity": "sha512-RSn9F68PjH9HqtltsSnqYC1XXoWe9Bju5+213R98cNGttag9q9yAOTzdbsqvIa7aNm5WffBZFpWYr2aWrklWAw=="
    },
    "path-parse": {
      "version": "1.0.7",
      "resolved": "https://registry.npmjs.org/path-parse/-/path-parse-1.0.7.tgz",
      "integrity": "sha512-LDJzPVEEEPR+y48z93A0Ed0yXb8pAByGWo/k5YYdYgpY2/2EsOsksJrq7lOHxryrVOn1ejG6oAp8ahvOIQD8sw=="
    },
    "picocolors": {
      "version": "1.0.0",
      "resolved": "https://registry.npmjs.org/picocolors/-/picocolors-1.0.0.tgz",
      "integrity": "sha512-1fygroTLlHu66zi26VoTDv8yRgm0Fccecssto+MhsZ0D/DGW2sm8E8AjW7NU5VVTRt5GxbeZ5qBuJr+HyLYkjQ=="
    },
    "picomatch": {
      "version": "2.3.1",
      "resolved": "https://registry.npmjs.org/picomatch/-/picomatch-2.3.1.tgz",
      "integrity": "sha512-JU3teHTNjmE2VCGFzuY8EXzCDVwEqB2a8fsIvwaStHhAWJEeVd1o1QD80CU6+ZdEXXSLbSsuLwJjkCBWqRQUVA=="
    },
    "pify": {
      "version": "2.3.0",
      "resolved": "https://registry.npmjs.org/pify/-/pify-2.3.0.tgz",
      "integrity": "sha512-udgsAY+fTnvv7kI7aaxbqwWNb0AHiB0qBO89PZKPkoTmGOgdbrHDKD+0B2X4uTfJ/FT1R09r9gTsjUjNJotuog=="
    },
    "postcss": {
      "version": "8.4.21",
      "resolved": "https://registry.npmjs.org/postcss/-/postcss-8.4.21.tgz",
      "integrity": "sha512-tP7u/Sn/dVxK2NnruI4H9BG+x+Wxz6oeZ1cJ8P6G/PZY0IKk4k/63TDsQf2kQq3+qoJeLm2kIBUNlZe3zgb4Zg==",
      "requires": {
        "nanoid": "^3.3.4",
        "picocolors": "^1.0.0",
        "source-map-js": "^1.0.2"
      }
    },
    "postcss-import": {
      "version": "14.1.0",
      "resolved": "https://registry.npmjs.org/postcss-import/-/postcss-import-14.1.0.tgz",
      "integrity": "sha512-flwI+Vgm4SElObFVPpTIT7SU7R3qk2L7PyduMcokiaVKuWv9d/U+Gm/QAd8NDLuykTWTkcrjOeD2Pp1rMeBTGw==",
      "requires": {
        "postcss-value-parser": "^4.0.0",
        "read-cache": "^1.0.0",
        "resolve": "^1.1.7"
      }
    },
    "postcss-js": {
      "version": "4.0.0",
      "resolved": "https://registry.npmjs.org/postcss-js/-/postcss-js-4.0.0.tgz",
      "integrity": "sha512-77QESFBwgX4irogGVPgQ5s07vLvFqWr228qZY+w6lW599cRlK/HmnlivnnVUxkjHnCu4J16PDMHcH+e+2HbvTQ==",
      "requires": {
        "camelcase-css": "^2.0.1"
      }
    },
    "postcss-load-config": {
      "version": "3.1.4",
      "resolved": "https://registry.npmjs.org/postcss-load-config/-/postcss-load-config-3.1.4.tgz",
      "integrity": "sha512-6DiM4E7v4coTE4uzA8U//WhtPwyhiim3eyjEMFCnUpzbrkK9wJHgKDT2mR+HbtSrd/NubVaYTOpSpjUl8NQeRg==",
      "requires": {
        "lilconfig": "^2.0.5",
        "yaml": "^1.10.2"
      }
    },
    "postcss-nested": {
      "version": "6.0.0",
      "resolved": "https://registry.npmjs.org/postcss-nested/-/postcss-nested-6.0.0.tgz",
      "integrity": "sha512-0DkamqrPcmkBDsLn+vQDIrtkSbNkv5AD/M322ySo9kqFkCIYklym2xEmWkwo+Y3/qZo34tzEPNUw4y7yMCdv5w==",
      "requires": {
        "postcss-selector-parser": "^6.0.10"
      }
    },
    "postcss-selector-parser": {
      "version": "6.0.11",
      "resolved": "https://registry.npmjs.org/postcss-selector-parser/-/postcss-selector-parser-6.0.11.tgz",
      "integrity": "sha512-zbARubNdogI9j7WY4nQJBiNqQf3sLS3wCP4WfOidu+p28LofJqDH1tcXypGrcmMHhDk2t9wGhCsYe/+szLTy1g==",
      "requires": {
        "cssesc": "^3.0.0",
        "util-deprecate": "^1.0.2"
      }
    },
    "postcss-value-parser": {
      "version": "4.2.0",
      "resolved": "https://registry.npmjs.org/postcss-value-parser/-/postcss-value-parser-4.2.0.tgz",
      "integrity": "sha512-1NNCs6uurfkVbeXG4S8JFT9t19m45ICnif8zWLd5oPSZ50QnwMfK+H3jv408d4jw/7Bttv5axS5IiHoLaVNHeQ=="
    },
    "queue-microtask": {
      "version": "1.2.3",
      "resolved": "https://registry.npmjs.org/queue-microtask/-/queue-microtask-1.2.3.tgz",
      "integrity": "sha512-NuaNSa6flKT5JaSYQzJok04JzTL1CA6aGhv5rfLW3PgqA+M2ChpZQnAC8h8i4ZFkBS8X5RqkDBHA7r4hej3K9A=="
    },
    "quick-lru": {
      "version": "5.1.1",
      "resolved": "https://registry.npmjs.org/quick-lru/-/quick-lru-5.1.1.tgz",
      "integrity": "sha512-WuyALRjWPDGtt/wzJiadO5AXY+8hZ80hVpe6MyivgraREW751X3SbhRvG3eLKOYN+8VEvqLcf3wdnt44Z4S4SA=="
    },
    "read-cache": {
      "version": "1.0.0",
      "resolved": "https://registry.npmjs.org/read-cache/-/read-cache-1.0.0.tgz",
      "integrity": "sha512-Owdv/Ft7IjOgm/i0xvNDZ1LrRANRfew4b2prF3OWMQLxLfu3bS8FVhCsrSCMK4lR56Y9ya+AThoTpDCTxCmpRA==",
      "requires": {
        "pify": "^2.3.0"
      }
    },
    "readdirp": {
      "version": "3.6.0",
      "resolved": "https://registry.npmjs.org/readdirp/-/readdirp-3.6.0.tgz",
      "integrity": "sha512-hOS089on8RduqdbhvQ5Z37A0ESjsqz6qnRcffsMU3495FuTdqSm+7bhJ29JvIOsBDEEnan5DPu9t3To9VRlMzA==",
      "requires": {
        "picomatch": "^2.2.1"
      }
    },
    "resolve": {
      "version": "1.22.1",
      "resolved": "https://registry.npmjs.org/resolve/-/resolve-1.22.1.tgz",
      "integrity": "sha512-nBpuuYuY5jFsli/JIs1oldw6fOQCBioohqWZg/2hiaOybXOft4lonv85uDOKXdf8rhyK159cxU5cDcK/NKk8zw==",
      "requires": {
        "is-core-module": "^2.9.0",
        "path-parse": "^1.0.7",
        "supports-preserve-symlinks-flag": "^1.0.0"
      }
    },
    "reusify": {
      "version": "1.0.4",
      "resolved": "https://registry.npmjs.org/reusify/-/reusify-1.0.4.tgz",
      "integrity": "sha512-U9nH88a3fc/ekCF1l0/UP1IosiuIjyTh7hBvXVMHYgVcfGvt897Xguj2UOLDeI5BG2m7/uwyaLVT6fbtCwTyzw=="
    },
    "run-parallel": {
      "version": "1.2.0",
      "resolved": "https://registry.npmjs.org/run-parallel/-/run-parallel-1.2.0.tgz",
      "integrity": "sha512-5l4VyZR86LZ/lDxZTR6jqL8AFE2S0IFLMP26AbjsLVADxHdhB/c0GUsH+y39UfCi3dzz8OlQuPmnaJOMoDHQBA==",
      "requires": {
        "queue-microtask": "^1.2.2"
      }
    },
    "simple-swizzle": {
      "version": "0.2.2",
      "resolved": "https://registry.npmjs.org/simple-swizzle/-/simple-swizzle-0.2.2.tgz",
      "integrity": "sha512-JA//kQgZtbuY83m+xT+tXJkmJncGMTFT+C+g2h2R9uxkYIrE2yy9sgmcLhCnw57/WSD+Eh3J97FPEDFnbXnDUg==",
      "requires": {
        "is-arrayish": "^0.3.1"
      }
    },
    "source-map-js": {
      "version": "1.0.2",
      "resolved": "https://registry.npmjs.org/source-map-js/-/source-map-js-1.0.2.tgz",
      "integrity": "sha512-R0XvVJ9WusLiqTCEiGCmICCMplcCkIwwR11mOSD9CR5u+IXYdiseeEuXCVAjS54zqwkLcPNnmU4OeJ6tUrWhDw=="
    },
    "supports-preserve-symlinks-flag": {
      "version": "1.0.0",
      "resolved": "https://registry.npmjs.org/supports-preserve-symlinks-flag/-/supports-preserve-symlinks-flag-1.0.0.tgz",
      "integrity": "sha512-ot0WnXS9fgdkgIcePe6RHNk1WA8+muPa6cSjeR3V8K27q9BB1rTE3R1p7Hv0z1ZyAc8s6Vvv8DIyWf681MAt0w=="
    },
    "tailwindcss": {
      "version": "3.2.4",
      "resolved": "https://registry.npmjs.org/tailwindcss/-/tailwindcss-3.2.4.tgz",
      "integrity": "sha512-AhwtHCKMtR71JgeYDaswmZXhPcW9iuI9Sp2LvZPo9upDZ7231ZJ7eA9RaURbhpXGVlrjX4cFNlB4ieTetEb7hQ==",
      "requires": {
        "arg": "^5.0.2",
        "chokidar": "^3.5.3",
        "color-name": "^1.1.4",
        "detective": "^5.2.1",
        "didyoumean": "^1.2.2",
        "dlv": "^1.1.3",
        "fast-glob": "^3.2.12",
        "glob-parent": "^6.0.2",
        "is-glob": "^4.0.3",
        "lilconfig": "^2.0.6",
        "micromatch": "^4.0.5",
        "normalize-path": "^3.0.0",
        "object-hash": "^3.0.0",
        "picocolors": "^1.0.0",
        "postcss": "^8.4.18",
        "postcss-import": "^14.1.0",
        "postcss-js": "^4.0.0",
        "postcss-load-config": "^3.1.4",
        "postcss-nested": "6.0.0",
        "postcss-selector-parser": "^6.0.10",
        "postcss-value-parser": "^4.2.0",
        "quick-lru": "^5.1.1",
        "resolve": "^1.22.1"
      }
    },
    "to-regex-range": {
      "version": "5.0.1",
      "resolved": "https://registry.npmjs.org/to-regex-range/-/to-regex-range-5.0.1.tgz",
      "integrity": "sha512-65P7iz6X5yEr1cwcgvQxbbIw7Uk3gOy5dIdtZ4rDveLqhrdJP+Li/Hx6tyK0NEb+2GCyneCMJiGqrADCSNk8sQ==",
      "requires": {
        "is-number": "^7.0.0"
      }
    },
    "util-deprecate": {
      "version": "1.0.2",
      "resolved": "https://registry.npmjs.org/util-deprecate/-/util-deprecate-1.0.2.tgz",
      "integrity": "sha512-EPD5q1uXyFxJpCrLnCc1nHnq3gOa6DZBocAIiI2TaSCA7VCJ1UJDMagCzIkXNsUYfD1daK//LTEQ8xiIbrHtcw=="
    },
    "xtend": {
      "version": "4.0.2",
      "resolved": "https://registry.npmjs.org/xtend/-/xtend-4.0.2.tgz",
      "integrity": "sha512-LKYU1iAXJXUgAXn9URjiu+MWhyUXHsvfp7mcuYm9dSUKK0/CjtrUwFAxD82/mCWbtLsGjFIad0wIsod4zrTAEQ=="
    },
    "yaml": {
      "version": "1.10.2",
      "resolved": "https://registry.npmjs.org/yaml/-/yaml-1.10.2.tgz",
      "integrity": "sha512-r3vXyErRCYJ7wg28yvBY5VSoAF8ZvlcW9/BwUzEtUsjvX/DKs24dIkuwjtuprwJJHsbyUbLApepYTR1BN4uHrg=="
    }
  }
}
